{"gojo2.jpg":{"x":1377.0312500000002,"y":720.5742187500001,"baseWidth":540.155377400082}}